name,avatar,sex,active,created_at
Le Van A,https://upload.wikimedia.org/wikipedia/commons/thumb/4/48/RedCat_8727.jpg/1200px-RedCat_8727.jpg,male,true,05/09/2023 9:47:41
Le Van B,https://upload.wikimedia.org/wikipedia/commons/thumb/4/48/RedCat_8727.jpg/1200px-RedCat_8727.jpg,female,true,05/09/2023 9:47:41
Le Van C,https://upload.wikimedia.org/wikipedia/commons/thumb/4/48/RedCat_8727.jpg/1200px-RedCat_8727.jpg,male,true,05/09/2023 9:47:41
Le Van D,https://upload.wikimedia.org/wikipedia/commons/thumb/4/48/RedCat_8727.jpg/1200px-RedCat_8727.jpg,female,true,05/09/2023 9:47:41
Le Van E,https://upload.wikimedia.org/wikipedia/commons/thumb/4/48/RedCat_8727.jpg/1200px-RedCat_8727.jpg,male,true,05/09/2023 9:47:41
Le Van F,https://upload.wikimedia.org/wikipedia/commons/thumb/4/48/RedCat_8727.jpg/1200px-RedCat_8727.jpg,female,true,05/09/2023 9:47:41
Le Van G,https://upload.wikimedia.org/wikipedia/commons/thumb/4/48/RedCat_8727.jpg/1200px-RedCat_8727.jpg,male,true,05/09/2023 9:47:41
Le Van H,https://upload.wikimedia.org/wikipedia/commons/thumb/4/48/RedCat_8727.jpg/1200px-RedCat_8727.jpg,female,true,05/09/2023 9:47:41
Le Van I,https://upload.wikimedia.org/wikipedia/commons/thumb/4/48/RedCat_8727.jpg/1200px-RedCat_8727.jpg,male,true,05/09/2023 9:47:41
Le Van J,https://upload.wikimedia.org/wikipedia/commons/thumb/4/48/RedCat_8727.jpg/1200px-RedCat_8727.jpg,female,true,05/09/2023 9:47:41
